{
    "inventory": {
        "blades": {
            "inventory-detail": {
                "subtitle": "Edit Inventory",
                "labels": {
                    "in-stock": "In stock",
                    "reserved": "Reserved",
                    "reorder-min-quantity": "Reorder min. qty.",
                    "allow-preorder": "Allow preorder",
                    "reorder-quantity": "Preorder qty.",
                    "preorder-availability-date": "Preorder availability date",
                    "allow-backorder": "Allow backorder",
                    "backorder-quantity": "Backorder qty.",
                    "backorder-availability-date": "Backorder availability date"
                }
            },
            "inventory-fulfillmentcenters-list": {
                "labels": {
                    "no-fulfillment-centers": "No Fulfillment centers available"
                }
            },
            "fulfillment-center-detail": {
                "subtitle": "Edit Fulfillment center",
                "labels": {
                    "name": "Name",
                    "description": "Description",
                    "max-releases": "Max. releases per pick batch",
                    "pick-delay": "Pick delay"
                },
                "placeholders": {
                    "name": "Enter fulfillment center name",
                    "description": "Enter fulfillment center description"
                },
                "description": {
                    "name": "fulfillment center name",
                    "description": "fulfillment center description"
                }
            }
        },
        "dialogs": {
            "inventory-delete": {
                "title": "Delete confirmation",
                "message": "Are you sure you want to delete this Quote?"
            },
            "inventory-save": {
                "title": "Save changes",
                "message": "Inventory has been modified. Do you want to save changes?"
            },
            "fulfillment-delete": {
                "title": "Delete confirmation",
                "message": "Are you sure you want to delete this Fulfillment center?"
            }
        },
        "widgets": {
            "inventoryWidget": {
                "title": "Inventory",
                "blade-subtitle": "Select Fulfillment center to edit inventory"
            },
            "fulfillmentWidget": {
                "title": "Fulfillment centers",
                "address-detail": {
                    "subtitle": "Edit address",
                    "no-address": "No address",
                    "region": "Region",
                    "city": "City",
                    "address1": "Address line 1",
                    "zip-code": "Zip code",
                    "email": "Email",
                    "phone": "Phone"
                }
            }
        },
        "properties": {
            "geoPoint": {
                "title": "Geo location",
                "placeholder": "Please enter Lat/Long Coordinates",
                "description": "Enter Lat/Long Coordinates (one per line in format: lat,long [no spaces], e.g. 41.40338, 2.17403"
            }
        }
    },
    "permissions": {
        "inventory:read": "Read inventory related data",
        "inventory:create": "Create inventory related data",
        "inventory:update": "Update inventory related data",
        "inventory:delete": "Delete inventory related data",
        "inventory:access": "Access inventory related data",
        "inventory:fulfillment:edit": "Manage fulfillment centers",
        "inventory:fulfillment:delete": "Delete fulfillment centers"
    },
    "settings": {
        "Inventory.ExportImport.PageSize": {
            "description": "High value may will cause slow performance",
            "title": "The page size being used for Export / Import"
        }
    },
    "module": {
        "VirtoCommerce.Inventory": {
            "description": "Export/Import inventory information"
        }
    }
}
