﻿{
  "inventory": {
    "blades": {
      "inventory-detail": {
        "subtitle": "Редактировать Складские Запасы",
        "labels": {
          "in-stock": "В наличии",
          "reserved": "Зарезервировано",
          "reorder-min-quantity": "Минимальное количество для повторного заказа",
          "allow-preorder": "Разрешить предзаказ",
          "reorder-quantity": "Количество в предзаказе",
          "preorder-availability-date": "Доступные даты для предзаказа",
          "allow-backorder": "Разрешить отложенный заказ",
          "backorder-quantity": "Количество в отложенном заказе",
          "backorder-availability-date": "Доступные даты для отложенного заказа"
        }
      },
      "inventory-fulfillmentcenters-list": {
        "labels": {
          "no-fulfillment-centers": "Нет доступных Фулфилмент-центров"
        }
      }
    },
    "dialogs": {
      "inventory-delete": {
        "title": "Подтверждение удаления",
        "message": "Вы уверены, что хотите удалть эту Котировку?"
      },
      "inventory-save": {
        "title": "Сохранение изменений",
        "message": "Складской запас был изменен. Вы хотите сохранить изменения?"
      }
    },
    "widgets": {
      "inventoryWidget": {
        "title": "Складские Запасы",
        "blade-subtitle": "Выбрать Фулфилмент-центр для редактирования складских запасов"
      }
    }
  }
}
