{
    "core": {
        "commands": {
            "rebuild-index": "Suchindex erstellen"
        },
        "blades": {
            "index-progress": {
                "labels": {
                    "start": "Starten",
                    "end": "Ende",
                    "errors": "Fehler"
                }
            },
            "index-detail": {
                "title": "Suchindex",
                "title-new": "Suchindex fehlt",
                "subtitle": "Details zum Suchindex",
                "labels": {
                    "no-index": "Suchindex nicht gefunden",
                    "build-date": "Letzte Indexierung",
                    "content": "Suchindexinhalt"
                }
            },
            "address-list": {
                "labels": {
                    "no-addresses": "Noch keine Adressen"
                }
            },
            "address-detail": {
                "subtitle": "Adresse bearbeiten",
                "labels": {
                    "name": "Adressname",
                    "address-type": "Adresstyp",
                    "first-name": "Vorname",
                    "last-name": "Nachname",
                    "country": "Land",
                    "region": "Region",
                    "city": "Stadt",
                    "address": "Adresse",
                    "zip-code": "PLZ",
                    "email": "E-Mail",
                    "phone": "Telefon"
                },
                "placeholders": {
                    "address-type": "Wählen Sie aus...",
                    "first-name": "Wert eingeben",
                    "last-name": "Wert eingeben",
                    "country": "Wählen Sie aus...",
                    "region": "Region eingeben",
                    "city": "Stadt eingeben",
                    "address1": "Adresszeile 1 eingeben",
                    "address2": "Adresszeile 2 eingeben",
                    "zip-code": "Postleitzahl eingeben",
                    "email": "Wert eingeben",
                    "phone": "Telefonnummer eingeben"
                }
            },
            "currency-list": {
                "title": "Währungen",
                "subtitle": "System Währungen verwalten",
                "labels": {
                    "exchange-rate": "Wechselkurs:",
                    "no-currencies": "Keine Währungen"
                }
            },
            "currency-detail": {
                "new-title": "Neue Währung",
                "new-subtitle": "Einzelheiten zu Währung eingeben",
                "subtitle": "Bearbeiten Sie die Details zu Währung",
                "labels": {
                    "code": "Code",
                    "name": "Name",
                    "is-primary": "Ist Primär",
                    "exchange-rate": "Wechselkurs",
                    "symbol": "Symbol",
                    "custom-formatting": "Benutzerdefinierte Formatierung"
                },
                "descriptions": {
                    "code": "Der Währungscode. Verwenden Sie den 3-Buchstaben-ISO 4217-Code, falls vorhanden.",
                    "name": "Der Name der Währung.",
                    "is-primary": "Ist das die Hauptwährung? Nur eine Währung kann primär sein.",
                    "exchange-rate": "Der Wechselkurs zur Primärwährung des Wechselkurses",
                    "symbol": "Kurzes Währungssymbol",
                    "custom-formatting": "Benutzerdefinierte Formatierung, die auf den Währungswert angewendet wird"
                },
                "placeholders": {
                    "symbol": "Ein eigenes Symbol eingeben oder leer lassen um entsprechenden Standard zu verwenden.",
                    "code": "Währungscode eingeben",
                    "name": "Geben Sie den Währungsnamen ein",
                    "exchange-rate": "Geben Sie den Wechselkurs gegenüber der Hauptwährung ein",
                    "custom-formatting": "0,0.000"
                },
                "validation": {
                    "maxlength": "Der Währungscode darf nur 3 Symbole enthalten"
                }
            },
            "fulfillment-center-contact": {
                "labels": {
                    "country": "Land",
                    "region": "Region",
                    "city": "Stadt",
                    "address": "Adresse",
                    "zip-code": "PLZ",
                    "phone": "Telefon"
                },
                "placeholders": {
                    "country": "Wählen Sie aus...",
                    "region": "Region eingeben",
                    "city": "Stadt eingeben",
                    "address1": "Adresszeile 1 eingeben",
                    "address2": "Adresszeile 2 eingeben",
                    "zip-code": "Postleitzahl eingeben",
                    "phone": "Telefonnummer eingeben"
                }
            },
            "fulfillment-center-detail": {
                "subtitle": "Erfüllungszentrum bearbeiten",
                "labels": {
                    "name": "Name",
                    "description": "Beschreibung",
                    "max-releases": "Max. Freigaben pro Selektion",
                    "pick-delay": "Verzögerung wählen"
                }
            },
            "fulfillment-center-list": {
                "title": "Erfüllungszentrum",
                "subtitle": "Erfüllungszentrum verwalten"
            },
            "seo-list": {
                "subtitle": "Verwalten der SEO-Eigenschaften",
                "labels": {
                    "duplicates-found": "Es gibt {{count}} widersprüchliche Semantische URLs!",
                    "resolve-duplicates": "Konflikte lösen",
                    "language-code": "Sprache",
                    "container": "Speichern",
                    "semanticUrl": "Semantische URL"
                }
            },
            "seo-detail": {
                "title-new": "Neue SEO",
                "subtitle": "SEO Details",
                "labels": {
                    "is-active": "Ist aktiv",
                    "store": "Store",
                    "language": "Sprache",
                    "url-keyword": "URL",
                    "page-title": "Seitentitel (Meta Title)",
                    "meta-description": "Beschreibung (Meta Description)",
                    "alternative-text": "Alternativer Text (alt)"
                },
                "placeholders": {
                    "store": "Store wählen",
                    "language": "Sprache wählen",
                    "url-keyword": "Stichwort eingeben",
                    "page-title": "Titel eingeben",
                    "meta-description": "Beschreibung eingeben",
                    "alternative-text": "Text eingeben"
                },
                "validations": {
                    "url-keyword-required": "Erforderlich",
                    "url-keyword-invalid": "Ungültige URL-Zeichen",
                    "url-keyword-duplicate": "Doppelte URL gefunden"
                }
            },
            "seo-duplicates": {
                "subtitle": "SEO Konflikte",
                "labels": {
                    "semanticUrl": "Semantische URL",
                    "container": "Speichern"
                }
            },
            "package-type-list": {
                "title": "Vordefinierte Paketgröße Abmessungen",
                "subtitle": "Verwalten von Systempaketypen",
                "labels": {
                    "no-packages": "Keine vordefinierten Pakete"
                }
            },
            "package-type-detail": {
                "new-title": "Neue Package Typ",
                "new-subtitle": "Paketgröße Werte eingeben",
                "subtitle": "Paketgröße details bearbeiten",
                "labels": {
                    "name": "Pakettypname",
                    "name-description": "Wird zur Identifizierung verwendet werden",
                    "name-placeholder": "Package Type Name eingeben",
                    "measureUnit": "Maßeinheit",
                    "measureUnit-description": "Wird als primäre Maßeinheit für Größen verwendet",
                    "measureUnit-placeholder": "Wählen Sie Maßeinheit oder definieren Sie erneut",
                    "width": "Breite",
                    "height": "Höhe",
                    "length": "Länge"
                }
            },
            "document-type-list": {
                "title": "Dokumenttypen",
                "labels": {
                    "document-type": "Dokumenttypen",
                    "indexed-docs-total": "Dokumentenzähler",
                    "provider": "Provider",
                    "scope": "Scope",
                    "last-indexation-date": "Zuletzt indiziert",
                    "build-index": "Build index",
                    "rebuild-index": "Rebuild index"
                }
            }
        },
        "dialogs": {
            "reindex": {
                "title": "Suchindex durchsuchen",
                "msg1": "Wählen Sie aus, wie Sie den Suchindex aktualisieren möchten. Optionen:",
                "msg2": "Update: Update durch Indizierung von fehlenden oder veralteten Daten.",
                "msg3": "Löschen + aufbauen",
                "index": "Neuaufbau: Der aktuelle Suchindex wird gelöscht und von Grund auf neu gebaut. Beachten Sie, dass es KEINE SUCHERGEBNISSE GIBT, bis der Aufbauprozess beendet ist.",
                "reindex": "Löschen + aufbauen"
            },
            "address-delete": {
                "title": "Bestätigung löschen",
                "message": "Sind Sie sicher, dass Sie diese Adresse löschen möchten?"
            },
            "address-save": {
                "title": "Änderungen speichern",
                "message": "Die Adresse wurde geändert. Möchten Sie die Änderungen speichern?"
            },
            "currency-delete": {
                "title": "Bestätigung löschen",
                "message": "Sind Sie sicher, dass Sie diese Währung löschen wollen?"
            },
            "currency-save": {
                "title": "Änderungen speichern",
                "message": "Die Währung wurde geändert. Möchten Sie die Änderungen speichern?"
            },
            "fulfillment-delete": {
                "title": "Bestätigung löschen",
                "message": "Sind Sie sicher, dass Sie diesem Erfüllungszentrumzu löschen wollen?"
            },
            "fulfillments-save": {
                "title": "Änderungen speichern",
                "message": "Die erfüllungen wurden geändert. Möchten Sie die Änderungen speichern?"
            },
            "seo-save": {
                "title": "Änderungen speichern",
                "message": "Die SEO-Informationen wurde geändert. Möchten Sie die Änderungen speichern?"
            },
            "package-type-save": {
                "title": "Änderungen speichern",
                "message": "Die Package Type Informationen wurde geändert. Möchten Sie die Änderungen speichern?"
            },
            "package-type-delete": {
                "title": "Bestätigung löschen",
                "message": "Sind Sie sicher, dass Sie dieses Pakettyp löschen wollen?"
            }
        },
        "widgets": {
            "index": {
                "index-ok": "Suchindex erstellt am <span am-time-ago='indexDate'></span>",
                "index-old": "Suchindex veraltet. Index wurde zuletzt um <span bin - Zeit - vor='indexDate'> aktualisiert",
                "no-index": "Suchindex fehlt"
            },
            "currency": {
                "title": "Währungen"
            },
            "fulfillmentCenterContact": {
                "blade-subtitle": "Kontakt Informationen",
                "title": "Kontakt Informationen"
            },
            "fulfillment": {
                "title": "Erfüllungszentrum"
            },
            "seo": {
                "title": "SEO"
            }
        }
    }
}
