{
    "core": {
        "commands": {
            "apply-filter": "Сохранить & применить",
            "rebuild-index": "Построение Индексов"
        },
        "main-menu-title": {
            "search-index":  "Поисковый индекс" 
        },
        "blades": {
            "index-progress": {
                "labels": {
                    "start": "Начало",
                    "end": "Конец",
                    "errors": "Ошибки",
                    "stats": "Индексировано - {{ processedCount }} из {{ totalCount }} документов"
                }
            },
            "index-detail": {
                "title": "Поисковый индекс",
                "title-new": "Поисковый индекс отсутствует",
                "subtitle": "Элементы поискового индекса",
                "labels": {
                    "no-index": "Индекс не найден",
                    "build-date": "Последние проиндексированные",
                    "content": "Содержимое индекса"
                }
            },
            "address-list": {
                "labels": {
                    "no-addresses": "Пока нет Адресов"
                }
            },
            "address-detail": {
                "subtitle": "Редактировать адреса",
                "labels": {
                    "name":  "Название адреса", 
                    "address-type": "Тип адреса",
                    "first-name": "Имя",
                    "last-name": "Фамилия",
                    "country": "Страна",
                    "region": "Регион",
                    "city": "Город",
                    "address1": "Адресная строка 1",
                    "address2": "Адресная строка 2",
                    "zip-code": "Почтовый индекс",
                    "email": "Электронная почта",
                    "phone": "Телефон"
                },
                "placeholders": {
                    "address-type": "Выбрать...",
                    "country": "Выбрать..."
                }
            },
            "currency-list": {
                "title": "Валюты",
                "subtitle": "Управление валютными системами",
                "labels": {
                    "exchange-rate": "Обменный курс:",
                    "no-currencies": "Нет валют"
                }
            },
            "currency-detail": {
                "new-title": "Новая валюта",
                "new-subtitle": "Введите данные о валюте",
                "subtitle": "Редактировать данные о валюте",
                "labels": {
                    "code": "Код",
                    "name": "Название",
                    "is-primary": "Является основной",
                    "exchange-rate": "Обменный курс",
                    "symbol": "Символ",
                    "custom-formatting": "Автоматическое форматирование валюты"
                },
                "placeholders": {
                    "symbol": "Введите символ или оставьте пустым для значения по умолчанию"
                }
            },
            "fulfillment-center-contact": {
                "labels": {
                    "country": "Страна",
                    "region": "Регион",
                    "city": "Город",
                    "address": "Адрес",
                    "zip-code": "Почтовый индекс",
                    "phone": "Телефон"
                },
                "placeholders": {
                    "country": "Выбрать...",
                    "region": "Введите регион",
                    "city": "Введите город",
                    "address1": "Введите адресную строку 1",
                    "address2": "Введите адресную строку 2",
                    "zip-code": "Введите почтовый индекс",
                    "phone": "Введите номер телефона"
                }
            },
            "fulfillment-center-detail": {
                "subtitle": "Редактировать Фулфилмент-центр",
                "labels": {
                    "name": "Название",
                    "description": "Описание",
                    "max-releases": "Макс. количество релизов в выбранном пакете",
                    "pick-delay": "Задержка пакета"
                }
            },
            "fulfillment-center-list": {
                "title": "Фулфилмент-центры",
                "subtitle": "Управление Фулфилмент-центрами"
            },
            "seo-list": {
                "subtitle": "Управление SEO",
                "labels": {
                    "duplicates-found": "Обнаружено {{count}} противоречащих Семантических URL-адресов!",
                    "resolve-duplicates": "Устранение противоречий",
                    "language-code": "Язык",
                    "container": "Магазин",
                    "semanticUrl": "Семантический URL"
                }
            },
            "seo-detail": {
                "title-new": "Новая SEO",
                "subtitle": "Детали SEO",
                "labels": {
                    "is-active": "Активна",
                    "store": "Магазин",
                    "language": "Язык",
                    "url-keyword": "Ключевое слово URL",
                    "page-title": "Заголовок страницы",
                    "meta-description": "Мета-описание",
                    "alternative-text": "Отобразить альтернативный текст"
                },
                "placeholders": {
                    "store": "Выбрать Магазин",
                    "language": "Выбрать Язык",
                    "url-keyword": "Ввести ключевое слово",
                    "page-title": "Ввести заголовок",
                    "meta-description": "Ввести описание",
                    "alternative-text": "Ввести текст"
                },
                "validations": {
                    "url-keyword-required": "Обязательное поле",
                    "url-keyword-invalid": "URL содержит некорректные символы",
                    "url-keyword-duplicate": "Найден дублирующий URL"
                }
            },
            "seo-duplicates": {
                "subtitle": "SEO противоречия",
                "labels": {
                    "semanticUrl": "Семантический URL",
                    "container": "Магазин"
                }
            },
            "package-type-list": {
                "title": "Заранее определенные габаритные размеры упаковки",
                "subtitle": "Управление системой типов упаковки",
                "labels": {
                    "no-packages": "Упаковка не определена заранее"
                }
            },
            "package-type-detail": {
                "new-title": "Новый тип упаковки",
                "new-subtitle": "Введите значения размера упаковки",
                "subtitle": "Редактировать размер упаковки",
                "labels": {
                    "name": "Название типа упаковки",
                    "name-description": "будет использоваться для идентификации",
                    "name-placeholder": "Введите название типа упаковки",
                    "measureUnit": "Единица измерения",
                    "measureUnit-description": "будет использоваться в качестве основной единицы измерения размеров",
                    "measureUnit-placeholder": "Выберите единицу измерения или задайте новую",
                    "width": "Ширина",
                    "height": "Высота",
                    "length": "Длина"
                }
            },
            "document-type-list": {
                "title": "Типы документов",
                "labels": {
                    "document-type": "Тип документа",
                    "indexed-docs-total": "Количество документов",
                    "provider": "Поставщик",
                    "scope": "Объем",
                    "last-indexation-date": "Дата последней индексации",
                    "build-index": "Создать индекс",
                    "rebuild-index": "Перестроить индекс"
                }
            }
        },
        "dialogs": {
            "reindex": {
                "title": "Создать Поисковый Индекс",
                "msg1": "Выберите способ обновления Поискового Индекса. Опции:",
                "msg2": "Создать: индекс для всех данных без воссоздания.",
                "msg3": "Удалить + создать: Текущий поисковый индекс будет удален и создан заново с нуля. Обратите внимание, что, пока процесс создания не заверщится, РЕЗУЛЬТАТЫ ПОИСКА БУДУТ ОТСУТСТВОВАТЬ.",
                "index": "Создать",
                "reindex": "Удалить + создать"
            },
            "address-delete": {
                "title": "Подтверждение удаления",
                "message": "Вы уверены, что хотите удалить этот Адрес?"
            },
            "address-save": {
                "title": "Сохранение изменений",
                "message": "Адрес был изменен. Вы хотите сохранить изменения?"
            },
            "currency-delete": {
                "title": "Подтверждение удаления",
                "message": "Вы уверены, что хотите удалить эту Валюту?"
            },
            "currency-save": {
                "title": "Сохранение изменений",
                "message": "Валюта была изменена. Вы хотите сохранить изменения?"
            },
            "fulfillment-delete": {
                "title": "Подтверждение удаления",
                "message": "Вы уверены, что хотите удалить этот Фулфилмент-центр?"
            },
            "fulfillments-save": {
                "title": "Сохранение изменений",
                "message": "Фулфилмент-центры были изменены. Вы хотите сохранить изменения?"
            },
            "seo-save": {
                "title": "Сохранение изменений",
                "message": "Информация SEO была изменена. Вы хотите сохранить изменения?"
            },
            "package-type-save": {
                "title": "Сохранение изменений",
                "message": "Информация о типе упаковки была изменена. Вы хотите сохранить изменения?"
            },
            "package-type-delete": {
                "title": "Подтверждение удаления",
                "message": "Вы уверены, что хотите удалить данный тип упаковки?"
            }
        },
        "widgets": {
            "index": {
                "index-ok": "Индексировано <span am-time-ago='indexDate'></span>",
                "index-old": "Информация устарела. Индекс был создан <span am-time-ago='indexDate'>",
                "no-index": "Поисковый индекс отсутствует"
            },
            "currency": {
                "title": "Валюты"
            },
            "fulfillmentCenterContact": {
                "blade-subtitle": "Контактная информация",
                "title": "Контактная информация"
            },
            "fulfillment": {
                "title": "Фулфилмент-центры"
            },
            "seo": {
                "title": "SEO"
            }
        }
    }
}
