{
    "search": {
        "commands": {
            "apply-filter": "Сохранить & применить",
            "rebuild-index": "Построение Индексов"
        },
        "main-menu-title": {
            "search-index":  "Поисковый индекс" 
        },
        "blades": {
            "index-progress": {
                "labels": {
                    "start": "Начало",
                    "end": "Конец",
                    "errors": "Ошибки",
                    "stats": "Индексировано - {{ processedCount }} из {{ totalCount }} документов"
                }
            },
            "index-detail": {
                "title": "Поисковый индекс",
                "title-new": "Поисковый индекс отсутствует",
                "subtitle": "Элементы поискового индекса",
                "labels": {
                    "no-index": "Индекс не найден",
                    "build-date": "Последние проиндексированные",
                    "content": "Содержимое индекса"
                }
            },
            "document-type-list": {
                "title": "Типы документов",
                "labels": {
                    "document-type": "Тип документа",
                    "indexed-docs-total": "Количество документов",
                    "provider": "Поставщик",
                    "scope": "Объем",
                    "last-indexation-date": "Дата последней индексации",
                    "build-index": "Создать индекс",
                    "rebuild-index": "Перестроить индекс"
                }
            }
        },
        "dialogs": {
            "reindex": {
                "title": "Создать Поисковый Индекс",
                "msg1": "Выберите способ обновления Поискового Индекса. Опции:",
                "msg2": "Создать: индекс для всех данных без воссоздания.",
                "msg3": "Удалить + создать: Текущий поисковый индекс будет удален и создан заново с нуля. Обратите внимание, что, пока процесс создания не заверщится, РЕЗУЛЬТАТЫ ПОИСКА БУДУТ ОТСУТСТВОВАТЬ.",
                "index": "Создать",
                "reindex": "Удалить + создать"
            }
        },
        "widgets": {
            "index": {
                "index-ok": "Индексировано <span am-time-ago='indexDate'></span>",
                "index-old": "Информация устарела. Индекс был создан <span am-time-ago='indexDate'>",
                "no-index": "Поисковый индекс отсутствует"
            }
        }
    }
}
